{"input": [0.029201654047773033, -0.0078180035730412, -0.01556614347062374, -0.01054206135983878, 0.0014370160731184268, -0.07159747492747538, 0.118342136515412, 0.086771360646381, -0.02981573810056397, -0.04512107667673753, 0.022548708404283992, -0.02100413312285175, 0.008560819963435475, 0.05001999190421181, -0.021843095543401286, -0.0034514562235490667, -0.029778825049544197, 0.007060114476528476, -0.03263072920774257, -0.03170994057432924, 0.004298173483513667, -0.05336265190468598, -0.024907602620105447, 0.05005554019892632, 0.001914222222844725, -0.009405033646694387, 0.01094924941876931, -0.014507465366762182, -0.009375363548666575, -0.002189608723279276], "prediction": -0.0006266310811042786}